,SA2_2,SA2_3,SA2_4,SA2_5,SA2_6,SA2_7,SA2_8,SA2_9,SA2_10,SA2_11,SA2_12,SA2_13,SA2_14,SA2_15,SA2_16,SA2_17,SA2_18,SA2_19,SA2_20,SA2_21,SA2_22,SA2_23,SA2_24,SA2_25,SA2_26,SA2_27,SA2_28,SA2_29,SA2_30,SA2_31,SA2_32,SA2_33,SA2_34,SA2_35,SA2_36,SA2_37
2005-01-01,912.8000000000001,829.0999999999999,3379.0310157000004,766.4210064,112.22956625329724,115.3649885520048,102.53429339739213,143.16873185236489,3.6825457984993983,91.4,58.9,37.8,25.5,5.628,64.4,2.2,111.67275561825622,2301.7,55.90560740118127,92.93289756099512,2.1,100.1,2.5,145.1701959241107,156.02002205641725,82.46629212631098,386,126.96237813001123,26.417296438523845,80.63387480516556,5.3,3.2,2.0999999999999996,48.813265822784814,222.64156419012778,
2005-02-01,993.9,912.5,2828.4289301,834.1632861,117.33992650269155,106.2299649687032,115.93043397863774,138.15053658723414,2.7567738644449555,86.6,53.9,34.3,25.1,5.185,84.6,2.4,116.01044718093472,2463,52.2652427956795,102.10285754593325,1.8,109.6,2.5,146.68448631991012,155.8314279275058,101.70803506737724,357.7,125.12883726333222,25.899650278071864,79.05385635806999,4.5,2.3,2.2,49.91809282700422,202.96975723623368,
2005-03-01,1139.7,1037,3101.9813204,949.1560715,125.06889311165226,116.46303004654158,126.11462786526957,136.38979445425963,2.804477531490984,89.4,58.3,38,26.1,5.62,95.3,3.2,129.22560341871892,2750.3,70.72594263823362,123.78536362135483,2.7,127.2,2.3,168.47248124859223,176.60247829461758,114.19453552358753,397.1,126.54306857686868,27.866088420411256,85.0560423633824,5.1,2.7,2.3999999999999995,51.223797468354434,205.56633269420823,
2005-04-01,1146.6000000000001,1048,2999.8412918000004,941.5189905,120.34730462312635,111.79567215562969,127.15464830315659,107.07113543129019,2.7297398659321046,77.6,54.7,36.7,23.5,5.513,92.3,3.7,124.64592254628538,2782.3,74.57512207064411,129.1155480084209,1.9,122.2,2.1,169.0719209275632,167.12130012896841,116.05896901229158,383.1,127.56330643701979,29.613466902219223,90.38958957428757,5.8,3.1,2.6999999999999997,54.43783966244726,243.48150896482568,
2005-05-01,1149.6,1009,2899.082104,926.9048996999999,113.89788224305613,116.7219944305391,118.20079159942054,80.74932149676653,2.7583194449910624,70,52.4,38,22.5,5.578,79.2,4.1,127.05635838265378,2741,81.27029199792133,142.7760008474447,1.9,122,2,159.39371666464135,153.57682068378077,134.93068701968443,397.1,130.30128567453005,34.19925384240329,104.38684969810315,6.7,3.7,3,57.350565400843884,239.1898518812889,
2005-06-01,1191.7,1034.2,2788.5735851,943.9668810999999,121.07344882436865,117.30375717033678,136.6124958940614,68.15131465577002,2.6330861225804925,64.7,47.3,37.2,21.5,5.138,85.4,5.2,137.59770702569645,2884.3,99.7110823697162,168.7248258001804,3.9,119.2,1.6,165.05196721154854,157.97008392920503,166.48867738009034,380.3,128.74252088826375,41.48081174439604,126.61244835549006,8.7,4.6,4.1,59.761097046413504,250.3452528124976,
2005-07-01,1202.4,1037.3,2093.253477,949.1661697999999,120.66911134240581,124.03310999568475,131.07925235039252,69.00327356551632,1.9376893754942173,66.9,47.9,38.5,21.4,5.375,88,5.4,143.40919353338512,2982.1,130.99589179856912,177.95717134363886,1.9,108.2,1.4,173.4606147861142,166.67920871534952,161.60643392446974,383.5,127.94591106136615,44.828963874667274,136.83205884171832,10.5,5.5,5,64.07996624472574,293.81060533552056,
2005-08-01,1286.3,1101,2391.9437822,1005.1298388999999,123.08582633518623,122.1902797827815,134.24865913042072,71.3483171178299,2.1939513872290832,69,48.7,38.7,24,5.53,94.9,5.5,150.4731467072223,3141.9,168.7641662542343,186.03413002365113,2.6,103.4,1.3,177.61721175490072,165.91709144848306,174.8559943805564,392,130.35834012584067,40.28257401018293,122.95505095026323,11.3,5.8,5.500000000000001,51.424675105485235,279.9195406900218,
2005-09-01,1323.7999999999997,1136.6,2095.9055716000003,1031.8261932,123.85543542473103,119.62964419877922,136.51264393411012,76.88224498795253,1.896839175045668,71,47.3,37.7,24.9,5.433,99.3,5.1,151.48053628356226,3267.5,196.38221498471896,186.03263322032285,4.4,94.4,1.1,176.37682031113323,166.42176884746115,180.5317188579368,386,129.9736326030279,34.67086260952447,105.82634758061972,8.9,4.8,4.1000000000000005,52.62994092827004,277.86591033860526,
2005-10-01,1367.8999999999999,1175,1855.1430776,1070.9074862999998,127.09734853409857,122.75865852886159,132.77212172011534,105.34945461862684,1.6923294303989032,82.2,55.4,39,27.3,5.692,91.3,4.7,144.81047487291903,3400.9,147.89792549378404,173.32059829255243,2.8,137.2,1.7,183.7779131670232,174.15311264947965,169.38020276757283,407.5,129.56281733496937,33.14559412182291,101.17074973896322,7.1,3.9,3.1999999999999997,53.533890295358646,278.9417362802736,
2005-11-01,1361.8,1178,1639.0198575000002,1068.0199581,129.73609149869725,117.67301185481777,138.58008940997382,125.60647995558716,1.4741902747781621,87.6,56.8,37.9,27.9,5.641,90.9,3.7,135.9749297866464,3441.5,85.66101152157202,177.99966586500926,3.6,73.1,0.9,187.45649071170197,185.4541007015874,193.5083751474781,395,128.98712981776325,31.32614579602253,95.61722275869613,5.9,3.2,2.7,51.92686919831224,251.48479392931068,
2005-12-01,1463,1269,1864.0202573999998,1151.7976279,137.4741413066894,121.04537791531979,146.2048884170489,149.43223981405757,1.5289402608084672,96.7,59.2,39.1,28.8,5.929,103,3.3,140.96789300633574,3904.3,64.36666335564635,209.36490857355255,14,76.2,0.8,211.86275747360105,208.60547246367074,294.7537652090334,410.1,130.17632890575453,30.66929196175435,93.6122988270997,5.8,3,2.8,64.9,295.3530452553353,
2006-01-01,1228.8,1026,3425.898585,944.0375733,114.99424148035973,116.4596403750972,106.31988641716774,163.49869177540072,3.1429217581121884,99.6,60.8,38.4,26.4,5.742,68.5,2.1,119.93653953400721,3130.6,57.13553076400725,88.48313157700272,1.8,145.2,3.4,169.12327825158894,176.77068498992074,87.9090674066475,384.5,126.4690010129257,26.9,82.10723748005746,5.8,3.5,2.3,51.9,236.89062429829596,
2006-02-01,1309.4,1111,3399.2548377000003,1013.5570091000001,116.21515961486276,107.23793823927316,116.15336283143787,146.0251171727065,2.837138985949518,90.1,55,34.7,26.2,5.251,86,2.3,122.623042670248,3243.1,53.20601716600173,101.4362392739302,1.5,164.2,3.1,171.32748002165505,177.80365926528413,106.79343682074611,368.5,128.90683961850132,26.4,80.58108064957312,4.9,2.5,2.4000000000000004,56.6,221.03406563025848,
2006-03-01,1473.2,1258,3216.90748,1139.9298669000002,129.61721843691606,118.49841212303254,137.5804792735157,138.16286178216498,2.423286609300086,91.2,58.6,38.8,27.6,6.015,101,3.7,141.37281014007849,3677.8,72.352639318913,141.0804227511849,3,180.6,2.5,191.5532111796494,199.56080047291786,129.83918689031904,410.4,130.7813531703523,30.3,92.48510392735098,5.7,3,2.7,61.3,226.9452312944059,
2006-04-01,1444.3000000000002,1223,2916.1678363,1103.5896526,122.60596862755662,115.87042681547332,132.35781077127692,113.281261286305,2.275177206386939,80.6,55,37.8,25.5,5.897,95.6,4.5,134.3683045048956,3577.5,76.2157747561983,148.9784939032119,2.2,177.7,2.4,186.8244726249573,189.8497969465081,130.9145170458649,391.7,130.42690454549896,32.2,98.28449988319147,6.5,3.5,3,59.8,246.89025009033324,
2006-05-01,1486.5,1271,2546.9354334,1151.3845726,123.49652035789103,120.39356733122537,136.15684167058367,85.02903553609515,1.908167349974791,74.3,54.5,39.2,24.3,6.108,98.5,5.1,142.1760650301896,3616.7,82.73315725388392,163.01240401810065,2.2,174,2.2,178.0427815144044,177.3812278897668,164.48050747699534,410.1,134.5670039162044,36.9,112.63037408974425,7.2,4,3.2,63.3,286.54944255378405,
2006-06-01,1453,1266,2661.1973239,1137.1052433000002,124.17435923924222,120.29085947233622,144.52490691260672,71.62703170321429,2.0819113677021597,68.2,48.9,38.1,22.8,5.935,103,5.5,149.29351212288066,3773.6,101.30645968763163,198.93560165595642,5,171.6,1.8,178.75128049010704,182.13950677037337,196.1236619537464,391.9,132.66945552487655,44.8,136.74365201139682,9.4,5,4.4,63.4,285.8942787118723,
2006-07-01,1512.4,1314,2218.7740749,1183.9226309,125.6473252887498,128.05850689373523,140.11294629225307,71.901411055268,1.666953835234775,70.6,49.9,39.5,23,6.015,96,6,154.30829224192237,3894.2,130.99589179856912,209.6415436469788,2.1,166,1.6,181.09288183670324,182.51373354330772,180.67599312755715,405,135.11888912608418,47.9,146.20582436039973,11.3,5.9,5.4,65.9,357.861317298664,
2006-08-01,1577.7,1370,3300.3318815,1231.6783750999998,130.20954826517553,126.88791473962058,146.72250169457703,75.20112624219271,2.517380914435769,73.2,50.3,39.9,23.5,5.897,102,6,162.96241788392177,4040.8,165.55764709540384,215.21624894559642,3,147.9,1.4,191.6489714835379,199.5982610125251,204.05694544210937,407.8,135.61257934519855,43,131.2494874216532,12,6.2,5.8,67,301.4733453231535,
2006-09-01,1525.2000000000003,1352,3091.0383945,1211.8536475,129.32838340460924,121.24256482953663,150.97137472434446,79.65000580751882,2.485354462903491,74,50.7,38.3,24.8,5.696,107,5.6,164.65934294023216,4042,205.8085613039854,226.66010196638217,5.1,165.6,1.5,192.95624142037974,200.53823146119066,215.37434059751862,396.5,133.50918478523462,37.3,113.85129955413171,9.8,5.4,4.4,68,314.54421050330114,
2006-10-01,1493.5,1355.3999999999999,2636.7585608000004,1210.866042,134.95029603681468,123.92346590279392,150.95029455002285,111.24902407726994,2.1460404482133457,86.5,54.5,39.5,26.9,6.002,111,5.4,158.56746998584634,4154.4,161.65243256470595,221.8353809301314,3.5,144.1,1.3,197.00992291504886,202.8883762366438,209.69269102625515,408.8,129.97614656818521,35,106.83097813390377,7.6,4.2,3.3999999999999995,77.3,341.14574347077456,
2006-11-01,1520.8,1387.9,2412.1148865,1232.12255,136.10311272210885,120.43452291707703,151.59496039494996,131.76119747341093,1.9351594944025656,90.9,57.8,38.5,28.9,5.958,107,4.6,148.62059825680453,4353.3,97.91053616915681,222.4382683929529,4.6,126.8,1.2,206.20213978287217,217.90856832436526,227.5658491734342,402.1,131.30563265752556,33.8,103.16820174074135,6.7,3.8,2.9000000000000004,78,318.12826432057807,
2006-12-01,1648.2999999999997,1542.7,2868.4806815,1374.7721917000001,141.93596658971435,124.3694882215987,160.81301098526353,145.24813709926394,2.0117918898839187,96.6,60.2,39.8,30.2,6.299,102,4.1,152.95016391187428,4883.7,68.614863137119,270.92529836888076,16.6,134.3,1,228.81177807148916,246.36306297959513,353.70451825084007,422.5,134.1124090774964,32,97.67403715099773,6.8,3.7,3.0999999999999996,79.7,375.0983674742758,
2007-01-01,1373.8,1277.5,3599.6637888999994,1145.4567311,125.60878717404636,121.28688631293443,124.09315168229689,142.40736053637403,2.647359451445978,95,60.8,40,28,6.303,85.8,3.2,130.37101847346582,3990.7,58.67819009463544,109.80756628706038,2.9,232.4,3.4,180.45453789444542,212.47836335788475,112.17197001088219,408.1,134.23146765507147,29.4,89.73802163247916,7.1,4.4,2.6999999999999993,79.9,305.3520147205036,
2007-02-01,1408.4,1275.1999999999998,4173.7266158,1161.0486601000002,123.93373995943442,111.89751368951566,127.68441953622496,141.79038877469802,3.128494370845017,89.9,55,36.4,26.2,5.651,97.8,3.5,130.1030482731331,4012.4,54.64257962948379,117.66603755775904,2.5,266.2,3.7,178.18057922252123,206.78565572552543,129.32685198992354,378,132.23008243091857,27,82.41246884615434,5.9,3.2,2.7,74.1,293.53323915698326,
2007-03-01,1616.2,1477.8,3984.1199052,1338.4736108,137.83872644231394,122.81741689103973,153.7112676550753,133.18899875800705,2.6121360900124815,90.9,59.4,40.3,26.7,6.278,106,4.4,150.42066998904352,4604.3,75.60850808826409,160.12627982259485,4,268.8,2.9,207.45212770756027,239.8720821684473,148.92554736319593,415,132.24722603727147,30.9,94.31649212393218,6.9,3.9,3.0000000000000004,76.2,261.4409064511556,
2007-04-01,1629,1494.8,3882.6621277,1353.1454691000001,130.5048403596398,118.23891919313773,144.0439004628554,111.69532362829673,2.6303632531595635,81.6,56.2,38.5,22.8,6.12,106,5.2,144.17719073375298,4577.3,79.49305307071482,179.51908515337033,2.9,368.7,3.7,202.89137727070363,233.32540044725846,156.3119333527627,400.3,133.29050265397814,31.5,96.1478803205134,7.4,4.1,3.3000000000000007,81.9,306.8845808622842,
2007-05-01,1716.8999999999999,1569.4,4239.610979,1421.6915791,131.45276575593383,122.73407103342376,146.27514585659955,87.9200227443224,2.726007123748603,77.4,53.6,39.9,24.3,6.107,112,5.6,153.69232629763493,4688.4,86.29068301580092,201.15730655833624,2.8,250.2,2.7,195.13488853978723,223.50034714110612,199.18589455464132,426.9,140.07962441313742,37.2,113.54606818803488,8.4,4.8,3.6000000000000005,83.1,353.6020121113695,
2007-06-01,1698.8999999999999,1541.8,3524.2037689,1394.24136,132.66884596199185,122.74970934104907,163.92297574607463,73.56096155920106,2.3118649631796893,70.8,48.6,39,23.6,5.867,101,5.9,161.68487362907973,4744.6,105.86525037357507,240.3142068003953,6,228.7,1.8,196.98391110009794,224.76015135464073,240.64373321724682,397.9,134.70062861277978,44.9,137.04888337749367,11,6.1,4.9,87.6,353.93711704529784,
2007-07-01,1759.4,1635.8999999999999,3035.7110715,1480.3576409000002,136.49454663858876,129.65122337993913,161.1571373039336,74.27415762009183,1.8661060646942749,72.5,48.5,40.3,23.8,6.056,109,6,169.1218882971469,4904.4,137.02170282130328,250.31200311449265,3.1,226.1,1.7,206.98916393935178,236.7203124056701,222.5928235331504,409.7,136.6869354937202,48.5,148.03721255698093,13,6.8,6.2,85,424.4235223162155,
2007-08-01,1795.4,1632.1000000000001,3101.8718682999997,1467.9795691,137.95001814824366,128.21218657026543,153.8171718838855,76.85555101952096,1.975150694282234,74.9,47.4,40.5,24.6,5.82,112,6.1,174.04386230002842,5065.4,175.32554827403268,246.42260504270794,3.7,210.9,1.5,206.9808892022209,234.52795668971703,234.86954420386786,405.1,134.7147030229032,42.6,130.02856195726574,13.7,7.2,6.499999999999999,92.5,368.4004279848936,
2007-09-01,1794.7,1621.8,2809.3706692,1454.5710343,134.95607327230934,121.5375589420419,156.46267927651445,83.07495605724212,1.8370951829698483,77,48.5,39,25.1,5.904,109,6,174.04492548782545,5232.6,206.6317955492014,257.4858758338101,6,196.5,1.3,212.25186556241772,239.24211013320047,243.80375355639106,401.5,135.19278106247592,37.1,113.24083682193799,11.6,6.5,5.1,93.7,373.36397786741844,
2007-10-01,1936,1742.8,2479.2655675,1566.126072,142.03197650030324,125.71270723577126,164.27794533846094,110.69277895688356,1.520055102179539,87.9,54.2,40.4,28.2,6.073,125,5.8,170.61859770477065,5521.5,166.34035310908243,253.11416964127983,4.1,187.1,1.2,227.1524411210513,256.6537959393544,265.6806395302653,417,132.5833001930852,35,106.83097813390377,9.2,5.1,4.1,96.6,399.82281134774786,
2007-11-01,2043,1906.1000000000001,2540.6648842,1649.7060754000001,143.78737109403318,121.0890107241208,162.55781192689486,137.03164537234736,1.522949195413989,94.9,58.8,38.8,29.3,5.922,116,4.6,159.61852252780807,5667.2,100.84785225423151,251.13280501564384,5.9,175.3,1.2,228.26576873963953,260.18283057929216,283.3194822209256,416.3,135.9426383370502,34.8,106.22051540171003,8.3,4.7,3.6000000000000005,94.4,353.44050166016217,
2007-12-01,2210.2000000000003,1997.3999999999999,2709.3566692,1794.2338565999999,148.39492906119463,125.16978339691629,171.96079886535696,157.30373247850284,1.4390823591373312,102,61.7,40.2,31.1,6.269,115,3.5,164.88027669700048,6350,71.42807252574089,340.82402534805203,17.1,195.8,1,241.3964258654211,267.3039233328607,467.2436686093597,439.4,139.47690544059628,32.6,99.50542534757895,8.1,4.5,3.5999999999999996,98,428.7374340230972,
2008-01-01,1837.3,1657.8999999999999,5117.852947400001,1533.2278938,136.09742845567496,123.43989380784586,138.35335353546395,155.79365242679316,2.9063498960717906,103.3,61.6,39.8,28.8,6.557,90,2.9,142.88663624691853,5126.7,61.20135226870477,143.0792588720397,3.2,280.5,2.9,202.83090059335666,236.27594005396784,135.6159117431566,422.4,138.93499617128694,29.6,90.34848436467291,8.2,5,3.1999999999999993,94.1,343.52101656056647,
2008-02-01,1892.6,1696.8,4961.2465305999995,1559.2184882000001,136.04441805414973,117.3450227695733,147.99912357697877,140.08890410940165,2.7893612005081145,94.4,58,37.2,27.9,6.145,120,3.7,144.80469272799715,5307.8,57.86649182762332,152.96584882508674,2.6,319.2,3,204.0167632097868,234.7017192484713,163.08116035929362,405,141.67508831884132,29.1,88.82232753418857,7.4,4.1,3.3000000000000007,86.1,323.18009631183855,
2008-03-01,2136.7,1899.8000000000002,5050.732904400001,1746.3272006,144.8695393755591,124.13976676788172,167.7422091758254,133.9881327505551,2.5862810679741064,93.2,60.6,39.7,28.6,6.582,122,4.6,161.7022202382218,5893.7,80.14501857355992,203.36037537469548,4.4,335.8,2.6,228.19734047831628,264.3390345496289,183.17842325673098,434.8,138.5568527253148,32.5,99.20019398148207,8.6,5,3.5999999999999996,94.9,307.454505986559,
2008-04-01,2162.6,1947.3,4745.1929308,1789.1213164,140.07708151099774,121.16366891056978,161.0407949229161,111.58362830466841,2.398146235568489,83.1,57.8,38.3,25.7,6.186,136,5.4,156.86478351832324,6035.9,84.73959457338199,218.65424571680506,2.95,341.4,2.5,224.80364601593962,257.12459129287885,195.38991669095338,421.1,140.21641435820686,34,103.77866447293509,8.9,5,3.9000000000000004,97.1,370.10280451991474,
2008-05-01,2191.5,1999.4,4280.4384583,1844.2690401,139.49270503113613,124.42291403675543,159.77761781751968,88.18378281255536,2.1098284654222774,79.6,56.2,39.6,25.1,6.538,131,5.4,165.0655584436599,6072,92.24474014389119,235.7563632863701,2.9,335.5,2.2,214.6483773937659,246.7443832437812,237.23040041457782,430.8,141.35933988563977,40.3,123.00824053703776,10.4,6,4.4,96.4,385.07259118928147,
2008-06-01,2287.1,2068,3896.2035354,1910.0865966999997,138.49291094960532,123.09149740942138,175.0118736692613,76.1355952137731,1.863097873807514,73,51.6,38.8,24.3,6.249,126,5.1,171.87102066771175,6202.4,113.59341365084606,279.24510830205935,5.6,346.2,2,214.12151136580647,244.98856497655842,268.55840627044745,409.1,138.4921517101991,46.7,142.5430479672373,12.7,7.2,5.499999999999999,103.1,399.9489422611866,
2008-07-01,2404,2217.0000000000005,3546.1746789,2042.2728338,141.23910667623173,129.23603582901734,169.9061278592887,77.09657560965532,1.610864728381425,75.4,49.3,39.7,25.3,6.331,137,5.5,179.77656725986714,6577,152.23111183446792,280.59975549134634,3.9,342.2,1.9,214.44077384116844,244.5320827150572,246.63284847473065,416.5,138.9555983234915,50.3,153.53137714672457,14.2,7.7,6.499999999999999,102.7,431.6387221955912,
2008-08-01,2342.6,2140.5,3241.1888222000002,1959.4689225999998,141.48441823618316,127.0340300862157,160.2709881272145,79.39178420316514,1.5896037887995849,77.8,48.5,40.1,26.9,6.351,125,5.4,183.79031858883002,6538.9,204.78024038407017,262.1936517654413,3.8,329.3,1.8,212.98333498908536,242.97096313054683,259.530846345274,411.8,136.94276648933976,43.8,133.69133835042814,15.1,8.3,6.799999999999999,108.9,419.6080874747938,
2008-09-01,2261.1,2070.9,2841.0573152,1850.2029413000002,140.8805458605177,122.72485922773843,165.43914428460246,88.5579031570201,1.486377912450895,81.4,51.9,38.9,28.1,5.992,140,5.1,186.22807027197322,6580.6,229.77455665071193,282.71949166552355,5.8,308.1,1.5,226.4727405550997,257.1852683931905,281.3495316040753,405,136.37129845654482,38.1,116.29315048290667,12.3,7.1,5.200000000000001,107.1,407.34009985335354,
2008-10-01,2109.2,1925,2639.8380729,1717.7428585999999,141.92101442731098,124.93382545711708,163.91195483124986,110.91416451479733,1.562804828766936,88.7,56,40.1,29.5,4.824,140,4.7,172.66602087722788,6507,195.44991490317187,268.0479056501154,4.7,293.4,1.5,222.6093922986303,254.08725797996087,284.0126036578536,421.9,134.14123345674497,36.1,110.18852316096932,9.5,5.5,4,108.6,433.4079275009587,
2008-11-01,1812.1999999999998,1653.7,2252.2731905,1442.8222148,127.7598149604238,116.1100038598619,136.4715232130738,126.06911374255958,1.6326223809400693,89.1,54.5,38.6,27.8,3.436,108,3.2,147.9663703832781,5727.1,103.2682007083331,266.9541717316294,5.9,260.4,1.4,212.74369646534402,251.33661433959617,282.4695237742628,380.9,124.38277910781268,33,100.72635081196641,8,4.8,3.2,111.6,389.49143282949876,
2008-12-01,1920.7999999999997,1710.4,2814.59,1506.6271748,131.40171185797183,120.39766252157797,142.5985554978728,148.6520271921852,1.8758923590205248,98.2,57.5,39.9,27.9,3.52,95.7,2.6,152.34937566802844,6408.3,74.64233578939923,341.16484937340005,18.4,299.7,1.3,244.77597582753697,275.3230410328465,436.87283014975134,389.1,123.51038667941742,31.5,96.1478803205134,7.3,4.1,3.2,110.8,465.6088533490835,
2009-01-01,1473.7,1297.8,7080.8278889,1188.4793575,113.09696304666588,117.3913390112614,100.85959472735323,144.10912849478368,3.7902690325018953,95.9,54.9,40,23.6,3.903,18.2,1.6,124.16848689857221,4603.8,62.608983370884985,119.04194338153704,3.1,338.8,3.6,197.35446627733603,234.62200847359009,110.25573624718632,348.9,114.75951743409564,29.3,89.4327902663823,6.9,4.2,2.7,107.2,377.8731182166231,
2009-02-01,1635.1000000000001,1455.3000000000002,5025.1753876,1319.8959445,113.32500023910671,108.89618113016404,111.88733742419596,132.52410328749394,3.439804504149683,87.4,49.7,36,22.1,4.332,46.9,2.4,125.40086390244554,4824.1,58.90808868052056,121.30191811829378,2.8,342,3.5,205.6488973154651,241.97747254517395,136.66201238108803,331.6,115.99866490500688,25.1,76.61307289031384,5.8,3.2,2.5999999999999996,113.5,366.8094093139367,
2009-03-01,1824.2,1630.5,4799.4605526000005,1475.279257,125.74676017798527,119.91901469777373,133.01957187642952,131.17438196279346,2.9453966744819486,90.9,49,40,23.6,4.607,57.8,3,144.0766782322556,5379,82.06849901932537,162.281579549007,4.5,335.6,2.7,233.9022739902742,277.29164724256077,148.19134441469538,364.5,116.15449130261555,27.8,84.85431977492928,6.7,3.8,2.9000000000000004,100.6,312.0663235763574,
2009-04-01,1818.1,1644,4726.4442053,1487.3505593000002,120.18613593643606,117.89224984998438,124.9676568601829,108.45928671213771,2.871986186908343,79.7,44.1,39.2,22.4,4.374,60.1,3.5,135.6880377433496,5162.3,86.43438646484964,183.01360366496584,3.3,315.1,2.4,220.0827694496049,258.6673388406361,157.09349301952653,342.8,114.14435251007673,28.6,87.29617070370422,7.1,3.9,3.1999999999999997,107.3,385.2770195052313,
2009-05-01,1747.5,1603.8,4264.0653518,1447.825441,119.26626280162141,120.31695787354249,124.78631951548287,81.56999910161372,2.659884653456645,73.4,40.3,40.2,22.5,4.638,47.4,4.1,140.63585579399825,4957,93.81290072633733,184.125719726655,3,288.3,2.3,202.41341988232128,239.34205174646777,181.00679551632285,349.6,114.7150074837968,32.6,99.50542534757895,8.8,5.1,3.700000000000001,105.5,395.46955115139207,
2009-06-01,1887.4,1751.8999999999999,3987.0938162999996,1580.8323507,121.87376163565268,120.38348446641412,143.50973640879425,71.0345103344503,2.3503867891840198,69,36.7,39.2,23,4.786,58.8,4.6,150.38714308424778,5265,112.34388610068673,224.51306707485577,4.9,346,2.4,208.76847358166134,243.02865645674595,216.45807545398063,344.2,116.52162947604626,38.3,116.9036132151004,11.2,6.3,4.8999999999999995,104.1,388.7503718778734,
2009-07-01,1929.8,1776.5,4529.6724892,1611.1857208,127.39767422196104,128.07291150655615,144.2503025525361,72.93336052673392,2.659044136806752,71.5,41.7,40.6,23.7,5.262,61.1,5.2,162.69779337017977,5334.9,152.68780516997137,230.65299901388664,4.1,322.2,2.1,213.1541291981214,248.20006395578304,201.99230290080442,383.2,127.8458229953468,45,137.35411474359057,12.9,7,5.9,105.2,414.3731733077675,
2009-08-01,1964.3000000000002,1818.9,4214.855109,1645.2117726999998,126.34558548491157,126.77996202604325,133.18519113371528,73.5961839563341,2.412900522274509,71.4,43.6,40.8,24.6,5.557,19.4,5,165.2274964113582,5499.2,181.02573249951803,221.55363574179785,4,250.3,1.6,220.86371838368152,256.820308028988,212.03670146408888,384.8,127.96400326638646,47.2,144.06920479772168,13.9,7.6,6.300000000000001,111.4,408.2786691129744,
2009-09-01,2038.5,1882.1999999999998,3756.9849634,1689.0079025999999,129.0465800082342,123.8293829607881,143.76661638331956,79.34788122869001,2.1391595927634115,74.6,46.1,39.8,26.6,5.341,56.6,4.8,172.07473693130325,5722.8,246.77787384286464,230.98182469073274,5.3,237.7,1.5,230.32277714453642,263.3577148346271,233.80146076298658,379.9,127.91964514479352,37.5,114.46176228632548,11.9,6.8,5.1000000000000005,110.9,414.2648815508606,
2009-10-01,2087.6,1936.1,3572.5831847000004,1711.8743306,133.9734376193816,128.18210491900211,147.0290234836311,106.81034042774984,2.041663861490932,85.8,56,41.3,27.2,5.53,59.3,4.3,164.20538585424373,5917.5,208.54505920168438,229.1809593308487,4.74,224.2,1.4,238.85987793643028,274.6683258763377,238.57058707259702,401.5,127.65514395089619,33.1,101.03158217806327,9.9,5.7,4.2,110.2,420.40568967593003,
2009-11-01,2165.1,2013.4,3303.8395169,1768.6875131,134.02004589348456,124.81825414935155,142.74921328087518,127.83408133495541,1.8601764986362415,91,58.3,39.9,28.7,5.376,58.9,3,150.9256977909437,6092.6,105.43683292320807,231.71622106305426,5.8,217.9,1.3,243.80427614928425,281.4970080603477,255.06997996815932,400.1,130.65253326604324,29.8,90.95894709686664,8.7,5.1,3.5999999999999996,110.4,385.9860099340333,
2009-12-01,2382.6,2206,3904.2669597,1931.1833425,140.4684299761719,127.86231759791579,153.43604571571115,157.12519274213975,1.9296351815959185,102,63.2,41,30.4,5.5,52.2,2.6,157.9863025677455,7100.5,79.71801462307837,320.01262871224924,14.3,213.2,0.9,267.29536560367035,299.27614560270416,416.7766799628628,415,131.73171542523318,29.5,90.04325299857602,8.8,4.8,4.000000000000001,111.1,470.2649418825743,
2010-01-01,1971.1000000000001,1764.6,5586.9531579,1606.2998794,122.7102049056325,121.50003587665555,113.4670440682724,157.79949570178812,3.077810449594683,102.7,64.1,41.1,26.6,5.1,44.097,1.6695,130.87358519109515,5350.7,62.67159235425586,106.42349738309412,3.1,252.9,2.9,189.85499655879727,221.01393198212187,101.10451013866985,391.7,128.83721117493624,29.2,89.12755890028544,9.2,5.7,3.499999999999999,109.4,403.1906171371369,
2010-02-01,2039.4999999999998,1825.9,5674.9361845,1654.2125910999998,121.59772525656152,114.34099018667223,122.18097246722202,141.40321820775605,2.9462381823361277,92.8,57.735,38.532,27.311,4.9,60.437,2.1564,132.17251055317757,5509.5,59.08481294656212,109.41433014270099,2.9,257.5,3,209.76187526177438,241.97747254517395,126.41236145250643,366.1,128.06728353957487,26.4,80.58108064957312,8,4.6,3.4000000000000004,97.8,323.1590896055783,
2010-03-01,2379.7,2142.2999999999997,5364.2479066,1938.4728256999997,137.4412088745379,127.23407459433793,150.04607707661248,136.68370600523076,2.37883200138997,94.5,60.155,42.838,29.32,5.7,85.027,3.223,153.72981567381677,6456.4,82.8071155104993,154.00521899200766,3.5,292.2,2.4,242.08885357993378,280.34185536222884,148.78410979235417,409,130.3352179499856,30.3,92.48510392735098,9.6,5.8,3.8,105.7,319.55591534218996,
2010-04-01,2373.2,2122.3,5354.4418794,1918.7110643,129.07990999573232,123.1974010932337,138.714099114803,108.24236813871342,2.437535768058061,82.1,56.116,41.238,24.873,5.6,94.206,3.9313000000000002,144.64344823441067,6264.2,86.69368962424419,178.62127717700665,3.8,299.7,2.3,229.3262457664883,258.4086715017955,159.76408240085848,396.2,131.9252989045869,31,94.62172349002905,9.9,5.9,4,113.4,414.5580729876288,
2010-05-01,2304.4,2088.6000000000004,5014.764991200001,1891.7316448000001,128.92683008855275,127.05470751446086,138.76238730121696,82.0594190962234,2.354740960032388,76.9,51.37,42.852,24.587,5.9,96.57,4.9632,151.7460884017241,6170.4,94.00052652779003,180.81145677157522,3.1,299.2,2.2,214.96305191502518,240.77810405694655,191.14317606523693,399.1,130.95755001940304,34.1,104.08389583903197,11.9,7.3,4.6000000000000005,111.6,374.1141953892169,
2010-06-01,2369.4,2145.9,4745.458866,1930.0576925,130.77054623505532,126.88419262760047,157.2866711040385,71.10554484478475,2.209479436739687,72.4,44.052,41.551,23.561,5.3,107.541,5.53,160.91424310014511,6432.7,107.85013065665927,231.24845908710142,5.1,295,1.7,228.3927100983375,257.1243185312372,234.42409571666096,375.8,127.21914107233641,40.5,123.6187032692315,14.4,8.5,5.9,113.4,401.96788452172115,
2010-07-01,2411.7999999999997,2174.6000000000004,4663.2434807,1971.4042029000002,133.25796723617125,133.32390087832496,152.32831949547813,72.78749380568046,2.1617580788003297,74.8,44.095,42.934,24.809,5.4,110.804,5.6766000000000005,169.6937984850975,6467.1,137.11364904263428,224.88667403853947,3.1,289.2,1.8,221.8934484952444,247.95186389182732,200.98234138630048,387.9,129.41386936298284,47.2,144.06920479772168,16.6,9.5,7.100000000000001,116.7,426.3899953336928,
2010-08-01,2445,2180.1,4046.5572909,1967.2956030999999,135.06343088337047,129.69590115264222,147.56919177615652,74.92091526754811,1.895796058011329,76.3,43.479,42.555,25.56,5.5,97.025,5.8103,172.3322787570466,6592.7,137.94160816463275,229.08645935701904,3.8,275.2,1.5,229.6982671190288,259.1316908012489,229.21167428268006,390.2,129.7597559109771,45.8,139.7959656723655,16.9,9.6,7.299999999999999,117.1,409.9117837894264,
2010-09-01,2574.5,2307.6,3534.4814922,2076.4888539000003,137.0474679687447,126.92511753480777,156.99314509058496,80.69679520957776,1.6001408196626965,78.4,48.106,41.677,26.249,5.6,127.592,5.3543,178.0973527238989,6910.2,184.83662750830564,243.4548432240323,4.5,267.7,1.4,236.54149212743891,264.9378611236349,252.03797470249953,389.6,131.18582192264165,41.4,126.36578556410332,14.8,8.7,6.100000000000001,118.7,416.33620595861476,
2010-10-01,2736.9,2440.1000000000004,3415.8506007999995,2203.0216436,143.61952512797706,132.28393227641018,162.9081580198633,108.73292655544935,1.481938512717025,89.4,58.506,43.427,27.98,5.6,130.543,5.1011999999999995,173.40088746208133,7550.2,200.82889201122205,243.61935976869216,4.6,254.1,1.4,242.68163598341314,270.27363266231623,263.8590693022923,416.8,132.51971108028275,35,106.83097813390377,12.9,7.7,5.2,118.7,435.9607001939394,
2010-11-01,2896.7000000000003,2562.7231291900002,3311.4864623999997,2300.6472982,143.93752928960242,127.18980097818921,161.44936022066983,123.8712248135718,1.4151672243925877,91.6,59.695,41.92,29.226,5.8,126.831,3.9791,160.43401675177313,7561.7,98.0562546185835,237.04569414750455,5.9,241.8,1.4,251.36220870991207,283.7489841248305,275.4755783656121,414.9,135.48546876301256,32.9,100.42111944586954,11.3,7,4.300000000000001,118.6,397.17960422212025,
2010-12-01,3195,2824.1052719199997,3834.1047587999997,2536.3720198,150.5821569344563,130.03597699708038,172.15524329302792,157.75369351310832,1.320919059091412,104.1,63.546,42.977,31.15,5.6,127.952,2.9644,168.4133985372167,8734,80.19632271081683,357.13409364287014,15,245.6,1,273.9777497437621,299.5754217483069,472.2079783979235,414.5,131.5730025150823,32.3,98.58973124928832,10.9,6.7,4.2,123.7,489.5458044997599,
2011-01-01,2712.4,2313.5533996,6133.5572978,2123.0441377999996,130.3182376097817,123.93003659418866,128.6716279734209,150.22511990810227,2.3094192944479826,102.2,63.854,43.199,27.487,5.9,100.314,2.1717,138.8568738877519,6783.4,63.11029350073565,105.25283891188009,2.6,303.1,3.5,202.76513632479544,228.74941960149607,98.98131542575777,411.6,135.38268092827107,31.7,96.75834305270713,11.2,7.4,3.799999999999999,120.9,425.7692916968166,37.697715289982426
2011-02-01,2851.7,2437.32835302,5611.0866174,2230.8179363,128.0424046951593,115.59874107872562,134.64343165887865,139.14076671643193,1.9880901324273614,93.9,57.136,39.095,26.325,5.5,127.611,2.5728,138.6489635702833,6991.5,59.55749145013461,110.83671643455611,2.7,313.1,3.2,213.53758901648635,237.86385551190597,125.78029964524389,384.5,134.50388014467777,26.5,80.88631201566999,8.9,5.2,3.7,125.5,368.0782030607537,44.92647058823529
2011-03-01,3144.7,2724.6,6053.8427032,2483.2636985,142.5265336028958,128.5064153402813,159.49897993243906,135.72692006319414,1.9900009338456488,96.6,61.537,43.131,27.966,5.9,147.968,3.7313,159.87900830076944,7793.7,83.3867653190728,163.09152691253612,4,337.9,2.6,246.44645294437257,274.73501825498425,148.3377574629771,415.9,132.53402725036437,30.4,92.79033529344784,10.4,6.1,4.300000000000001,114.5,319.8754712575321,56.39513121546962
2011-04-01,3111.8,2714.53817962,5865.789187199999,2469.1219723,136.1793050454976,125.41495431291187,151.05965393602048,108.783579979407,1.987308666703569,85.1,57.216,41.916,26.817,5.6,151.458,4.402399999999999,148.69346478497417,7674.2,87.1271580723654,175.04885163346654,3.1,343.2,2.5,229.5555720122548,253.49890674326133,163.27889221367738,405,134.85549231791444,31.6,96.45311168661026,11.1,6.4,4.699999999999999,119.1,420.7764440824432,53.82978497757848
2011-05-01,3016.9,2660.4572624499997,6075.9038508,2427.2358728,136.920293554043,130.2310752023224,151.94481409483257,82.55177561080073,2.224041641397086,79.3,57.696,43.403,25.657,5.7,134.963,5.3674,157.9676780261948,7581.7,94.28252810737338,181.89632551220464,2.9,332.7,2.3,219.26231295332568,244.87133182591467,205.28777109406445,423,138.79990894063513,35.8,109.2728290626787,13.3,8.1,5.200000000000001,117.6,379.35179412466596,53.12532659318181
2011-06-01,3010.6000000000004,2649.9675115200002,5048.5311446,2419.1293063999997,139.27063174033393,129.80252905803528,172.38619153002622,72.59876128652523,1.8004149628039086,74.1,50.674,41.727,25.03,5.7,147.317,6.0884,168.31629828275177,7833,108.92863196322588,233.32969521888535,5.4,309.7,1.7,237.9852039224677,266.1236696798305,245.91087640677736,404.1,136.7995074702798,42.4,129.41809922507198,16.4,9.9,6.499999999999998,120.5,409.20330644311207,61.1173709392828
2011-07-01,2987.4,2630.34275144,4568.4381117,2404.1232094,140.58715543416068,136.92364620203975,164.05760009662993,74.89833112604519,1.6629433264769178,77.5,48.404,43.383,25.664,5.6,136.967,6.4799,178.85726360329275,7821.9,155.89821896147515,235.90612106642794,3.7,307.3,1.6,227.66267815612076,255.63837167247394,216.65896401443186,405.3,135.21897719210352,48.5,148.03721255698093,18.8,11,7.800000000000001,120.4,426.3899953336928,53.917915600316235
2011-08-01,3071.2,2714.43015579,4152.9676814,2475.11226,143.1672367363727,133.8461699895268,159.5222963100252,77.2434636408421,1.4991917917694773,77.5,45.424,43.455,26.748,5.6,142.419,6.469600000000001,183.87854143376873,8089.2,166.08169623021786,239.62443648744184,3.9,307.6,1.6,240.95348220786127,271.8291436505101,245.25649148246765,397.8,132.28711148484547,50.1,152.92091441453084,19.8,11.6,8.2,123.3,414.8307251948995,58.664767602132684
2011-09-01,3181.1000000000004,2804.7428625499997,3801.7605591,2560.90142615,143.35165149530698,129.08284453289951,167.197699521473,82.95630547544593,1.355665906758197,79,48.232,42.228,27.935,5.4,169.36,5.8774,191.8108488836391,8477.1,257.8470953740864,260.7401370929386,5.5,288.4,1.3,248.84164971806575,278.1847541798166,275.981582299237,392.7,132.22965161453124,41.7,127.28147966239393,17.3,10.5,6.8,126,427.16094731353877,67.81147208960886
2011-10-01,3326.3999999999996,2913.8014435600003,3805.8336911999995,2597.86118477,148.35896945720032,132.81306800551582,172.35683118501532,108.18926192267209,1.3874856984012105,88.6,56.385,43.782,31.184,5.7,163.879,5.5237,184.8453460345787,8809.8,281.3612777077221,271.39196678232304,5,302.5,1.4,255.30108105455062,283.2467670301074,300.0077617967064,420.4,133.66431511072665,36.4,111.10421725925991,13.9,8.4,5.5,126.1,445.9877962984,74.44833957071951
2011-11-01,3538.3999999999996,3067.6418983,4945.5313167,2731.17728479,149.5510929318969,129.35202759481845,169.0374801510413,131.7989832016404,1.7636594731602595,96.2,60.164,42.348,32.053,5.5,157.476,3.9351,169.73918972337597,9192.2,137.18070021139832,258.14276092663243,6.5,255,1.2,267.95211448476624,298.7876802834465,310.73645239641047,419.6,137.02025233299608,34.4,104.99958993732257,12.9,8,4.9,125.4,408.69781274456176,92.54322904155215
2011-12-01,3842.5,3326.89790054,4642.0511529000005,2972.09903259,156.75602536876897,131.7264446980424,184.55042081012593,153.17883640122815,1.4349772230111084,103,62.954,43.648,31.886,5.9,157.892,3.6349,177.3393086596892,10600,83.24378297382788,384.63341885337115,17.1,264.3,0.9,301.10154696839453,325.93805886215785,538.3170953736329,434.7,137.98500408517796,34.5,105.30482130341943,12.6,7.6,5,126.8,488.56671289076036,100
2012-01-01,3044.3999999999996,2607.77036121,7689.3563839,2405.385379,135.00969416373385,126.16077725288403,136.52059727979957,148.87309382892937,2.4586731797873793,102.3,63.217,43.753,28.512,5.999,120.71,2.7475,144.13343509548648,7821.7,64.68805083825406,114.1993302193899,3.1,325.8,2.9,213.10615827735998,236.06940102874398,115.21425115558206,434.2,142.81622949235978,32.9,100.42111944586954,12.8,8.5,4.3,128.3,438.96813973941784,42.9
2012-02-01,3204.6,2744.24707397,7426.8514917,2523.31371934,136.7492882144301,120.33828946295337,146.2227667815422,147.35007195270146,2.287088209392164,100.9,60.104,40.902,27.954,5.8456,159.598,2.8621999999999996,146.69060345735974,8163.7,61.880233616689864,115.93520539054569,2.8,336,3,228.48522024764034,251.42209527608458,146.1567081877734,401.9,140.59066171689466,28.8,87.90663343589796,11.4,7.2,4.2,120.2,388.69058243215585,50.4075
2012-03-01,3514.4,3083,6822.6728731,2801.6693051499997,147.08738267818845,128.63492175562158,168.2714238287232,137.3556431039525,1.9610922681347063,97.9,61.821,43.741,29.14,6.1704,171.439,4.3307,164.6753785497925,9064.6,87.47271681970736,167.82118119299966,3.9,349.8,2.3,255.56497170331437,281.0539236748489,173.55517623168322,434.6,138.49311912240526,32.7,99.81065671367581,12.9,8.2,4.7,127.8,341.3071278317868,61.2451125
2012-04-01,3312.6,2904.7,6916.79652429,2626.4857872499997,139.31142906154406,125.79119917585062,157.55521905526933,106.71669195979825,2.133213856091846,84.9,55.681,42.22,28.038,5.9552,171.629,5.0738,154.49250991158817,8596.2,91.48351597598368,182.92604995697252,2.9,341.4,2.2,241.72201732890426,260.5968761320726,176.50448248298525,416,138.51823408457383,33.6,102.55773900854763,13.5,8.4,5.1,141.3,487.2591222474693,60.02021025
2012-05-01,3215.8,2837.7,6716.0917924099995,2550.3590666,141.43866324132642,130.3613062775247,160.30177887004837,83.87260402057353,2.158033151879791,79.5,51.681,43.682,27.52,6.0559,170.332,6.1044,165.07622353737358,8571.4,98.71380692841994,191.71872708986368,3.1,343.5,2,233.9528879211985,255.6456704262549,232.79633242066913,423.6,138.99678824409705,37,112.93560545584114,15.2,9.6,5.6,146.4,460.91242986146915,64.28164517775
2012-06-01,3222.9,2860.1,6127.962970889999,2570.59032388,141.35969121643893,130.06213411615136,176.17868774368677,73.90553898968267,1.9797703586188287,74.9,45.792,42.189,26.812,5.7266,159.775,6.663,173.36578723123432,8821.5,112.52327681801233,242.66288302764073,5.2,343.2,1.6,246.55267126367653,270.11552472502797,267.55103353057376,402.7,136.32556708310238,43.5,132.77564425213754,18.9,11.8,7.1,129.8,428.0266585394952,67.04575592039323
2012-07-01,3268.3999999999996,2920.6,5641.50580192,2630.32092319,145.64829302979044,138.4298063102622,173.08076810194456,75.64731443730564,1.8021288726552835,77.4,44.751,43.658,28.063,5.8719,152.44,6.8578,184.40183877499481,8916.3,150.1299848599006,238.2651822770922,4.2,345.4,1.7,249.29063258095226,274.0443344328921,242.87469866017815,412.9,137.75454153125963,51.3,156.58369080769324,21.5,13.3,8.2,130,447.70949510037747,61.68209544676178
2012-08-01,3462.7,3103.8,5073.46031795,2785.81468211,149.46659515277312,135.58617019939064,170.2102901627969,77.70692442268714,1.5850709455359395,78.7,44.675,43.853,30.407,5.891,149.578,6.8888,189.21101913534804,9163.9,159.1062649885487,242.49992972529117,4.3,342.8,1.6,251.3144819427992,276.1784099489183,273.215731511469,414.9,137.97366152604923,52.5,160.24646720085565,22.6,13.9,8.7,132.9,432.6684463782802,73.15496519985946
2012-09-01,3494.7,3092.2,4421.01616872,2783.73007332,146.64873947969903,129.85734160009693,173.216816704246,83.20517439187226,1.4005143495110115,78.5,49.898,42.539,30.894,5.9375,176.01,6.2221,192.00265973252272,9372.2,235.67224517191497,247.1816499641058,5.1,330.2,1.5,253.81848271242703,277.3501999172771,275.4296191346385,416.2,140.14255411756534,43.7,133.3861069843313,20.3,13.1,7.2,135.7,443.82022425876676,77.98319290305018
2012-10-01,3602.7999999999997,3172.4,4116.65258465,2848.7715626599997,153.55153338820236,134.141198685571,182.0088137313762,107.86469413690409,1.3090834986634867,88.8,54.106,44.182,32.006,5.7361,182.669,6.007899999999999,188.54225295527027,9554.4,240.00116988468693,289.30383658995635,5.5,302.7,1.4,263.2154145672417,286.0792347004085,314.70814212474505,426.6,135.63557760760227,38,115.9879191168098,16.4,10.5,5.9,134.3,466.057247131828,80.47865507594778
2012-11-01,3716.3,3258.8,4074.9944948300003,2927.8501168800003,154.4862789986495,129.99878773279255,179.1797289601038,127.97681268879282,1.3155393270726858,93.9,57.579,42.912,31.501,5.5319,183.541,4.4452,172.11553837950322,9742.4,124.14853369131546,259.6916174921922,7.2,292.6,1.4,264.2007848819795,291.3179882763603,314.46528982516736,427,139.43672008148076,35.6,108.66236633048499,15.2,10.1,5.1,135,429.9500990072791,103.09315715228911
2012-12-01,4100.2,3756.7,5101.78741866,3208.16774701,161.14519407909452,132.64852981092872,190.2714838552398,164.51407029491904,1.3863736622797413,107.2,65.174,44.29,31.289,5.6079,159.405,3.3495,180.5314162155636,11113.6,84.40919593546148,390.78755355502506,18.4,278.8,1.4,294.7784144820583,315.1821029197066,534.5488757060175,444.8,141.1910048702258,35.8,109.2728290626787,15,9.6,5.4,135.1,508.1093814063908,110.92823709586308
2013-01-01,3296.3,3016.7,8221.47293822,2583.86651094,134.4696553870789,126.41309880738983,135.0188707097218,150.0640785795608,2.5266134392232917,104.2,65.266,44.186,27.522,5.685,127.327,2.862,146.0071697517278,7802.4,65.72305965166612,115.79812084246137,3.6,338.1,2.8,217.58138760118456,240.31865024726136,116.48160791829345,427.3,140.5466947537663,35.1,107.13620950000065,15.5,10.8,4.7,141.9,472.76868649935307,45.945899999999995
2013-02-01,3365.6,2875.64480742,7921.468136539999,2661.3646697,132.51006027978278,117.93152367369429,143.00586591234824,133.05711497328943,2.4222509479306624,92.5,57.803,39.939,27.317,5.4928,159.058,3.6226,145.22369742278616,7991.4,62.808437120940205,116.28301100671732,2.9,399.5,3.3,224.8294567236781,245.8908091800107,146.5951783123367,391.8,137.05752988474578,30.5,93.09556665954472,13.6,9,4.6,127.2,400.3512999051205,51.062797499999995
2013-03-01,3673.2,3139.6250896899996,7458.52718135,2898.2242794100002,146.94029529551028,129.79263605142216,166.75698101426465,138.45448824878412,2.0992680165106363,99.2,60.441,44.256,29.795,5.9252,159.5,4.7473,166.65148309239007,8853.8,88.52238942154385,168.15682355538567,3.9,373.6,2.4,257.60949147694083,285.5507864536464,172.16673482182975,429.3,136.80417864530278,35.2,107.44144086609751,16.3,11,5.3,129.9,330.3852997411696,68.4107906625
2013-04-01,3536.4,3024.05654991,7218.18409344,2769.94396316,140.84385478122104,127.92964956184008,158.18543993149044,110.66520956231078,2.1652662790000123,85.8,55.872,42.836,29.54,5.7592,165.057,5.3564,156.50091254043878,8744.4,92.21538410379154,176.15778610856455,3.7,387.2,2.4,252.35778609137606,275.1903011954687,175.26895110560434,417.2,138.91780591366395,35.5,108.35713496438811,16.2,10.6,5.6,137.5,494.56800908118123,65.66211001350001
2013-05-01,3475.6,3014.6243632999995,6909.0658002,2764.38395933,140.7314699251198,132.5774484842426,157.25604507151743,84.12422183263524,2.0991062578934954,80.1,52.568,44.328,28.534,6.0134,138.511,6.1438999999999995,165.73652843152306,8556.7,99.30608976999046,194.97794545039136,3.4,361.6,1.9,232.54917059367136,254.62308774454985,233.7275177503518,425.1,139.48898650275177,39.6,120.8716209743597,18.6,12.5,6.1,134,478.42710219620494,61.967505951350994
2013-06-01,3559.3,3096.6742676400004,6435.66342142,2834.99829738,143.76280596711842,132.27319039612595,179.70226149856052,73.38820021675488,1.932066021415961,75.6,45.092,43.083,27.025,5.6661,161.101,7.1307,173.53915301846556,8964.5,113.87355613982851,223.4925152684571,5.1,395.9,1.8,244.08714455103976,266.06379185415256,257.6516452899425,400.2,135.4792449631427,45.8,139.7959656723655,21.8,14.3,7.5,135.2,435.73113839320604,78.64467169462125
2013-07-01,3708.4999999999995,3245.2642118399995,5975.554202210001,2973.61654856,146.81347937402876,138.56823611657242,175.67697962347373,74.28566277743414,1.7338369563206546,77.1,46.508,44.108,27.826,5.7167,148.229,7.6105,187.53667003416973,9231.3,158.38713402719512,252.79935839599483,4.2,383.5,1.6,244.3048199293332,272.94815709516047,248.94656612668257,411.3,137.22073851248993,51.4,156.88892217379012,24.2,15.4,8.799999999999999,144,482.18312622310646,65.93816003258834
2013-08-01,3838.9,3381.37943727,5416.5012647799995,3101.43100908,149.16766196246758,136.94203190138455,169.0188181316573,76.15278593423339,1.5309950197662194,77.8,47.671,44.474,27.355,5.7971,153.686,7.3024,189.21101913534804,9376.7,164.3567717331708,234.98243190380714,5.1,379.531724,1.7,244.78030541228642,274.7975178991736,262.5603179825217,416.7,138.5722457409128,52.7,160.8569299330494,24.2,15.8,8.399999999999999,145.8,457.7632162682204,79.15367234624794
2013-09-01,3937.5,3429.2365782700003,5505.003302,3145.2229418100005,148.55517309293512,132.32463109049877,175.12220168799269,83.20517439187226,1.585178052507409,79.9,53.206,43.082,28.062,5.5499,162.926,6.6812,194.306691649313,9983.7,239.9143455850094,240.01338211514673,6.8,382.75531,1.6,256.61048602226373,285.1160055149609,271.02274522848427,424.2,142.83630816115144,43.4,132.47041288604066,21.3,13.8,7.5,148.5,475.33146018113916,83.2860500204576
2013-10-01,3989.8999999999996,3456.77036378,5889.39477714,3174.35868383,155.08704872208438,136.4215990632257,183.10086661376442,109.05120577241003,1.7415066030376973,91.3,62.7,44.773,30.658,5.6903,183.378,6.1414,192.6901825202862,10148,292.5614260894334,278.888898472718,6.7,364.02093,1.6,264.2682762255107,291.22866092501584,314.07872584049557,453.8,144.28369694873396,38.6,117.81930731339101,18.6,11.9,6.700000000000001,143.3,481.90319353431005,86.67551151679577
2013-11-01,4182.099999999999,3625.92392876,5201.295637239999,3336.4263156999996,158.8118948106117,132.3387659119828,187.78035595018878,120.42618074015401,1.4853112583846417,91.4,57.954,43.436,31.152,5.5126,178.567,4.958,176.76265791574983,10453,136.93583266152098,258.91254263971564,7.6,314.483782,1.5,271.334206073793,305.592569701902,329.24515844695026,430.6,140.612298986149,35.8,109.2728290626787,16.8,11.3,5.5,141.2,438.9790510864319,119.48496913950308
2013-12-01,4660.1,4038.52707204,7976.770353149999,3728.84667933,161.7897748554109,135.3015004071473,193.50609908077888,147.89814919513222,1.933585853311486,101.6,64.583,44.964,33.156,5.7637,155.135,3.741,181.79513612907255,12103,85.59092467855794,379.0639269483743,17.5,318.252438,1,303.91654533100206,332.2019364773708,533.4797779546054,456.1,144.7779166396358,40.8,124.5343973675221,17.5,10.8,6.699999999999999,141.2,518.779678415925,126.45819028928392
2014-01-01,3572.6,3064.3597403599997,11304.825204499999,2812.93163377,134.20071607630473,127.55081669665633,135.0188707097218,144.21157951495792,3.373750731112138,101.4,65.636,44.904,28.498,5.8102,117.098,2.9288000000000003,145.27713390296913,8854.5,66.24884412887944,109.54502231696846,4.6,395.028836,3.4,210.40120181034544,236.95418914379965,107.97845054025802,441.6,145.25022326998175,35.2,107.44144086609751,16.5,11.8,4.699999999999999,148.8,513.8995622247967,53.618865299999996
2014-02-01,3858.5,3278.25424263,10991.0128849,3005.0727433,135.2927715456582,118.87497586308385,147.86806535336808,132.65794362836954,3.109365917291936,93.5,57.78,40.407,28.098,5.3818,158.832,3.4591999999999996,146.82115809443678,9374.9,63.4365214921496,113.4922187425561,4.1,437.842566,3.5,223.25565052661233,246.87437241673075,139.99839528828156,396.2,138.5967160294443,31.7,96.75834305270713,14.6,9.6,5,148.8,435.181862996866,63.011492115
2014-03-01,4257.7,3658.6976858300004,10129.5377107,3347.9085849000003,148.99745942964745,130.5713918677307,172.59347534976393,129.31649202436438,2.593679374271017,93.8,56.79,44.647,28.753,5.9287,172.78,5.0293,167.31808902475964,10493,89.67318048402392,162.94396202516873,4.9,442.304066,2.8,247.56272130934013,274.6998565684078,164.07489828520377,430.8,137.28218066712424,35.9,109.57806042877559,16.7,11.2,5.5,135.6,331.7068409401343,80.040625075125
2014-04-01,4100.400000000001,3597.07442992,9496.1100624,3281.0937485000004,144.22410729597036,129.3368757070203,164.35467208881857,108.56257058062688,2.4961671588153336,84.7,52.017,43.119,26.765,5.8353,167.211,5.9378,157.43991801568143,10442,93.87526101765978,171.22536809752472,4.3,449.517095,2.8,239.73989678680726,263.9074988464545,170.71195837685863,414.4,137.98547164578702,36.2,110.4937545270662,16.3,10.5,5.800000000000001,140.6,495.0625770902624,79.18850467628101
2014-05-01,4038.5000000000005,3538.4041014500003,8995.9910444,3269.0131595,144.67195108302315,133.7706455206008,164.17531105466423,83.70360072347208,2.403898009117207,80.1,52.95,44.535,26.566,6.111,147.594,6.9797,166.89668413054375,10255,101.0935993858503,184.4491363960702,4.6,439.700599,2.5,223.71230211111185,248.51213363868067,227.4168747710923,431,141.42496632012706,40.6,123.92393463532838,19,12.8,6.199999999999999,137.1,478.42710219620494,75.72429227255093
2014-06-01,4042.1,3556.2342716400003,8360.203135,3287.6716035,144.33785719098688,133.33137591929497,180.2413682830562,72.80109461502084,2.268389354964966,75.1,46.436,43.16,26.78,6.0598,159.72,7.445,173.53915301846556,10223,115.46778592578607,226.17442545167862,6.9,469.919013,2.2,234.0795716244471,258.8800694740904,255.84808377291287,411.7,139.37232671495715,48.3,147.42674982478718,23.7,15.4,8.299999999999999,139.6,419.1733551342643,92.48613391287459
2014-07-01,3958.4999999999995,3489.2346585799996,7786.1288476,3262.0296684,149.01568156463918,138.84537258880556,179.89322713443713,74.8799480796536,2.1485121008839934,77.1,42.681,43.948,27.404,6.0806,154.035,7.5605,188.0992800442723,10318,171.85004041950668,241.1705879097791,5.8,450.181671,2.1,238.68580907095858,265.5785568535911,246.7060470315424,411.6,137.32082657850924,54.7,166.96155725498676,26.4,16.7,9.7,141.8,461.4492517955129,81.03799868005107
2014-08-01,3839.2999999999997,3340.5657382,7241.4602158,3126.3684723,149.16766196246758,138.0375681565956,168.00470522286736,77.0666193654442,2.1160092284109995,79,42.736,44.471,28.179,6.1224,94.079,7.549600000000001,188.2649640396713,10230,172.08154000462983,226.9930292190777,5.6,428.776433,2,235.72343411203184,263.2560221474084,258.35935289480136,410.8,136.61021970330447,56.8,173.37141594302096,27.3,16.9,10.400000000000002,144,441.28374048256455,87.86057630433523
2014-09-01,4050,3530.3569794799996,6653.8080975,3306.2720983,152.7147179395373,135.50042223667074,181.42660094876044,82.53953299673728,1.8790768966034075,79.9,45.478,43.411,30.127,5.5979,133.135,7.0483,198.5814388655979,10732,279.74012695212093,229.45279330208024,7.4,425.602727,1.8,250.45183435772938,277.70298937157196,265.873313069143,417.2,140.4792733730136,47.6,145.29013026210913,23.4,14.3,9.099999999999998,145.4,458.2195276146182,103.19141597534697
